{
  "$schema": "https://schema.management.azure.com/schemas/2015-01-01/deploymentTemplate.json#",
  "contentVersion": "1.0.0.0",
  "parameters": {
    "servicebus_1_Connection_Name": {
      "type": "string",
      "defaultValue": "servicebus"
    },
    "servicebus_1_Connection_DisplayName": {
      "type": "string",
      "defaultValue": "connServiceBus"
    },
    "servicebus_1_connectionString": {
      "type": "securestring",
      "metadata": {
        "description": "Azure Service Bus Connection String"
      }
    },
    "LogicAppLocation": {
      "type": "string",
      "minLength": 1,
      "allowedValues": [
        "[resourceGroup().location]",
        "eastasia",
        "southeastasia",
        "centralus",
        "eastus",
        "eastus2",
        "westus",
        "northcentralus",
        "southcentralus",
        "northeurope",
        "westeurope",
        "japanwest",
        "japaneast",
        "brazilsouth",
        "australiaeast",
        "australiasoutheast",
        "southindia",
        "centralindia",
        "westindia",
        "canadacentral",
        "canadaeast",
        "uksouth",
        "ukwest",
        "westcentralus",
        "westus2"
      ],
      "defaultValue": "australiasoutheast"
    },
    "LogicAppName": {
      "type": "string",
      "minLength": 1,
      "defaultValue": "OrderFood-ServiceBus"
    }
  },
  "variables": {},
  "resources": [
    {
      "properties": {
        "state": "Enabled",
        "definition": {
          "$schema": "https://schema.management.azure.com/providers/Microsoft.Logic/schemas/2016-06-01/workflowdefinition.json#",
          "actions": {
            "Response": {
              "type": "Response",
              "kind": "Http",
              "inputs": {
                "statusCode": 200,
                "body": {
                  "Status": "Processing"
                }
              },
              "runAfter": {
                "Send_message": [
                  "Succeeded"
                ]
              }
            },
            "Send_message": {
              "runAfter": {},
              "type": "ApiConnection",
              "inputs": {
                "body": {
                  "ContentData": "@{base64(triggerBody())}",
                  "Properties": {
                    "Meal": "@{triggerBody()?['meal']}"
                  }
                },
                "host": {
                  "connection": {
                    "name": "@parameters('$connections')['servicebus']['connectionId']"
                  }
                },
                "method": "post",
                "path": "/@{encodeURIComponent(encodeURIComponent('myonlinefood'))}/messages"
              }
            }
          },
          "parameters": {
            "$connections": {
              "defaultValue": {},
              "type": "Object"
            }
          },
          "triggers": {
            "manual": {
              "type": "Request",
              "kind": "Http",
              "inputs": {
                "schema": {
                  "properties": {
                    "email": {
                      "type": "string"
                    },
                    "meal": {
                      "type": "string"
                    },
                    "name": {
                      "type": "string"
                    },
                    "phone": {
                      "type": "string"
                    },
                    "quantity": {
                      "type": "integer"
                    }
                  },
                  "type": "object"
                }
              },
              "correlation": {
                "clientTrackingId": "@triggerBody()?['name']"
              }
            }
          },
          "contentVersion": "1.0.0.0",
          "outputs": {}
        },
        "parameters": {
          "$connections": {
            "value": {
              "servicebus": {
                "id": "[concat(subscription().id, '/providers/Microsoft.Web/locations/', 'australiasoutheast', '/managedApis/', 'servicebus')]",
                "connectionId": "[resourceId('Microsoft.Web/connections', parameters('servicebus_1_Connection_Name'))]",
                "connectionName": "[parameters('servicebus_1_Connection_Name')]"
              }
            }
          }
        }
      },
      "name": "[parameters('LogicAppName')]",
      "type": "Microsoft.Logic/workflows",
      "location": "[parameters('LogicAppLocation')]",
      "tags": {
        "displayName": "LogicApp"
      },
      "apiVersion": "2016-06-01",
      "dependsOn": [
        "[resourceId('Microsoft.Web/connections', parameters('servicebus_1_Connection_Name'))]"
      ]
    },
    {
      "type": "MICROSOFT.WEB/CONNECTIONS",
      "apiVersion": "2016-06-01",
      "name": "[parameters('servicebus_1_Connection_Name')]",
      "location": "australiasoutheast",
      "properties": {
        "api": {
          "id": "[concat(subscription().id, '/providers/Microsoft.Web/locations/', 'australiasoutheast', '/managedApis/', 'servicebus')]"
        },
        "displayName": "[parameters('servicebus_1_Connection_DisplayName')]",
        "parameterValues": {
          "connectionString": "[parameters('servicebus_1_connectionString')]"
        }
      }
    }
  ],
  "outputs": {}
}